{
  "type": "RobustScaler",
  "center": [
    0.0,
    3.9000000953674316,
    5.0,
    3.9000000953674316,
    3.9000000953674316,
    0.0,
    0.0,
    0.03607843443751335,
    0.03298655524849892,
    6.937526904948754e-06,
    3.155544982291758e-05,
    2.4020673663471825e-05,
    51.00542068481445,
    0.0012470305664464831,
    0.0,
    1.2470227375160903e-05,
    3.751131225726567e-05,
    7.135552004911005e-05,
    4.314285755157471,
    0.00026958753005601466,
    0.00028826468042097986,
    0.00032463757088407874,
    0.9564758539199829,
    0.550000011920929,
    0.0,
    0.1785714328289032,
    0.17142857611179352,
    0.0,
    1.715040343697183e-05,
    3.160456253681332e-05,
    0.0,
    0.4986666738986969,
    0.0,
    0.0,
    0.0,
    0.0,
    0.0,
    3.0249557312345132e-05,
    0.00012022776354569942,
    9.356877126265317e-05,
    51.742435455322266,
    0.0009167472599074244,
    7.190217729657888e-05,
    0.0003829888009931892,
    0.0002935213560704142,
    52.530677795410156,
    0.0017451354069635272
  ],
  "scale": [
    133.33999633789062,
    3.75,
    4.0,
    3.75,
    3.75,
    2.0,
    2.0,
    1.4167343378067017,
    0.7885515689849854,
    0.0003027067141374573,
    0.0007544380205217749,
    0.0005549277702812105,
    34.145423889160156,
    0.07965132594108582,
    0.0003346507583046332,
    0.0007965061522554606,
    0.0013891475391574204,
    0.0020069130696356297,
    3.4071428775787354,
    0.0002038569509750232,
    0.0002220871247118339,
    0.00027810706524178386,
    0.3833351135253906,
    0.47005343437194824,
    2.0,
    0.3273809514939785,
    0.3219697065651417,
    4.0,
    0.0013372403336688876,
    0.0016189574962481856,
    0.00046658630890306085,
    0.5013333261013031,
    1.0,
    1.0,
    1.0,
    1.0,
    1.0,
    0.0006957059085834771,
    0.0019701271667145193,
    0.001474421820603311,
    33.42970657348633,
    0.0006390492198988795,
    0.0013295497046783566,
    0.004195045214146376,
    0.0031673626508563757,
    36.40459442138672,
    0.0011524782748892903
  ]
}