{
  "type": "RobustScaler",
  "center": [
    0.0,
    3.9000000953674316,
    5.0,
    3.9000000953674316,
    3.9000000953674316,
    0.0,
    0.0,
    0.036051440984010696,
    0.03297470137476921,
    6.936762019904563e-06,
    3.153956276946701e-05,
    2.4013239453779534e-05,
    51.004638671875,
    0.0012468724744394422,
    0.0,
    1.2468646673369221e-05,
    3.747306618606672e-05,
    7.133522012736648e-05,
    4.314285755157471,
    0.0002695859002415091,
    0.00028826456400565803,
    0.0003246414416935295,
    0.9564704298973083,
    0.550000011920929,
    0.0,
    0.1785714328289032,
    0.17142857611179352,
    0.0,
    3.102865593973547e-05,
    5.051780681242235e-05,
    0.0,
    0.4986666738986969
  ],
  "scale": [
    133.33999633789062,
    3.75,
    4.0,
    3.75,
    3.75,
    2.0,
    2.0,
    1.416667640209198,
    0.7885302901268005,
    0.0003027071215910837,
    0.0007544065592810512,
    0.0005549162451643497,
    34.145633697509766,
    0.0796489529311657,
    0.0003346466546645388,
    0.0007964824617374688,
    0.0013891366543248296,
    0.0020068318117409945,
    3.4071428775787354,
    0.00020385811512824148,
    0.00022208309383131564,
    0.000278099745628424,
    0.3833482265472412,
    0.47005343437194824,
    2.0,
    0.3273809514939785,
    0.3219697065651417,
    4.0,
    0.0013359353761188686,
    0.0019829474040307105,
    0.0010542444069869816,
    0.5013333261013031
  ]
}