{
  "type": "RobustScaler",
  "center": [
    0.0,
    6.550000190734863,
    8.0,
    6.550000190734863,
    6.550000190734863,
    1.0,
    0.0,
    0.06050916388630867,
    0.050805896520614624,
    1.4683744666399434e-05,
    6.505781493615359e-05,
    4.881898712483235e-05,
    50.93212127685547,
    0.002712501911446452,
    0.0,
    1.1304128747724462e-05,
    3.7573267036350444e-05,
    6.836644024588168e-05,
    7.121428489685059,
    0.00027216755552217364,
    0.00027216755552217364,
    0.0003230521979276091,
    0.9953510165214539,
    0.5203251838684082,
    0.0,
    0.19158878922462463,
    0.19543974101543427,
    0.0,
    2.8261982151889242e-05,
    6.92226312821731e-05,
    5.113703082315624e-05
  ],
  "scale": [
    133.0800018310547,
    5.149999618530273,
    4.0,
    5.149999618530273,
    5.149999618530273,
    2.0,
    2.0,
    1.7619991600513458,
    0.9291520416736603,
    0.0004504861499299295,
    0.001199626742163673,
    0.0009118738526012748,
    23.049449920654297,
    0.10326703265309334,
    0.0003149369658785872,
    0.000721381016774103,
    0.001280524826142937,
    0.0018785297579597682,
    4.414285659790039,
    0.0001950316727743484,
    0.0001950316727743484,
    0.00025287429889431223,
    0.26475396752357483,
    0.4630333483219147,
    2.0,
    0.31830400601029396,
    0.3264953941106796,
    4.0,
    0.0011327516112942249,
    0.0018710976873990148,
    0.0010696409735828638
  ]
}